<annotation verified="yes">
	<folder>Cilindro</folder>
	<filename>cilindro30.jpg</filename>
	<path>C:\Users\ander\Documents\MachineLearning\Cilindro\cilindro30.jpg</path>
	<source>
		<database>Unknown</database>
	</source>
	<size>
		<width>189</width>
		<height>267</height>
		<depth>3</depth>
	</size>
	<segmented>0</segmented>
	<object>
		<name>pessoa</name>
		<pose>Unspecified</pose>
		<truncated>0</truncated>
		<difficult>0</difficult>
		<bndbox>
			<xmin>108</xmin>
			<ymin>52</ymin>
			<xmax>156</xmax>
			<ymax>265</ymax>
		</bndbox>
	</object>
	<object>
		<name>pessoa</name>
		<pose>Unspecified</pose>
		<truncated>1</truncated>
		<difficult>0</difficult>
		<bndbox>
			<xmin>144</xmin>
			<ymin>24</ymin>
			<xmax>189</xmax>
			<ymax>243</ymax>
		</bndbox>
	</object>
	<object>
		<name>pessoa</name>
		<pose>Unspecified</pose>
		<truncated>0</truncated>
		<difficult>0</difficult>
		<bndbox>
			<xmin>51</xmin>
			<ymin>35</ymin>
			<xmax>98</xmax>
			<ymax>236</ymax>
		</bndbox>
	</object>
	<object>
		<name>pessoa</name>
		<pose>Unspecified</pose>
		<truncated>1</truncated>
		<difficult>0</difficult>
		<bndbox>
			<xmin>4</xmin>
			<ymin>1</ymin>
			<xmax>48</xmax>
			<ymax>118</ymax>
		</bndbox>
	</object>
	<object>
		<name>pessoa</name>
		<pose>Unspecified</pose>
		<truncated>1</truncated>
		<difficult>0</difficult>
		<bndbox>
			<xmin>1</xmin>
			<ymin>39</ymin>
			<xmax>37</xmax>
			<ymax>190</ymax>
		</bndbox>
	</object>
	<object>
		<name>pessoa</name>
		<pose>Unspecified</pose>
		<truncated>1</truncated>
		<difficult>0</difficult>
		<bndbox>
			<xmin>112</xmin>
			<ymin>1</ymin>
			<xmax>150</xmax>
			<ymax>86</ymax>
		</bndbox>
	</object>
	<object>
		<name>pessoa</name>
		<pose>Unspecified</pose>
		<truncated>0</truncated>
		<difficult>0</difficult>
		<bndbox>
			<xmin>93</xmin>
			<ymin>52</ymin>
			<xmax>133</xmax>
			<ymax>245</ymax>
		</bndbox>
	</object>
</annotation>
