<annotation>
	<folder>Cilindro</folder>
	<filename>cilindro1.jpg</filename>
	<path>C:/Users/ander/Documents/MachineLearning/Cilindro/cilindro1.jpg</path>
	<source>
		<database>Unknown</database>
	</source>
	<size>
		<width>300</width>
		<height>168</height>
		<depth>3</depth>
	</size>
	<segmented>0</segmented>
	<object>
		<name>cilindro</name>
		<pose>Unspecified</pose>
		<truncated>0</truncated>
		<difficult>0</difficult>
		<bndbox>
			<xmin>113</xmin>
			<ymin>37</ymin>
			<xmax>197</xmax>
			<ymax>167</ymax>
		</bndbox>
	</object>
	<object>
		<name>pessoa</name>
		<pose>Unspecified</pose>
		<truncated>1</truncated>
		<difficult>0</difficult>
		<bndbox>
			<xmin>1</xmin>
			<ymin>1</ymin>
			<xmax>115</xmax>
			<ymax>131</ymax>
		</bndbox>
	</object>
</annotation>
