<annotation verified="yes">
	<folder>Cilindro</folder>
	<filename>cilindro13.jpg</filename>
	<path>C:\Users\ander\Documents\MachineLearning\Cilindro\cilindro13.jpg</path>
	<source>
		<database>Unknown</database>
	</source>
	<size>
		<width>194</width>
		<height>259</height>
		<depth>3</depth>
	</size>
	<segmented>0</segmented>
	<object>
		<name>cilindro</name>
		<pose>Unspecified</pose>
		<truncated>0</truncated>
		<difficult>0</difficult>
		<bndbox>
			<xmin>15</xmin>
			<ymin>38</ymin>
			<xmax>147</xmax>
			<ymax>216</ymax>
		</bndbox>
	</object>
</annotation>
