<annotation verified="yes">
	<folder>Cilindro</folder>
	<filename>cilindro21.jpg</filename>
	<path>C:\Users\ander\Documents\MachineLearning\Cilindro\cilindro21.jpg</path>
	<source>
		<database>Unknown</database>
	</source>
	<size>
		<width>275</width>
		<height>183</height>
		<depth>3</depth>
	</size>
	<segmented>0</segmented>
	<object>
		<name>cilindro</name>
		<pose>Unspecified</pose>
		<truncated>0</truncated>
		<difficult>0</difficult>
		<bndbox>
			<xmin>70</xmin>
			<ymin>31</ymin>
			<xmax>114</xmax>
			<ymax>116</ymax>
		</bndbox>
	</object>
	<object>
		<name>cilindro</name>
		<pose>Unspecified</pose>
		<truncated>1</truncated>
		<difficult>0</difficult>
		<bndbox>
			<xmin>1</xmin>
			<ymin>73</ymin>
			<xmax>69</xmax>
			<ymax>123</ymax>
		</bndbox>
	</object>
	<object>
		<name>cilindro</name>
		<pose>Unspecified</pose>
		<truncated>1</truncated>
		<difficult>0</difficult>
		<bndbox>
			<xmin>1</xmin>
			<ymin>61</ymin>
			<xmax>74</xmax>
			<ymax>99</ymax>
		</bndbox>
	</object>
</annotation>
