<annotation verified="yes">
	<folder>Cilindro</folder>
	<filename>cilindro26.jpg</filename>
	<path>C:\Users\ander\Documents\MachineLearning\Cilindro\cilindro26.jpg</path>
	<source>
		<database>Unknown</database>
	</source>
	<size>
		<width>225</width>
		<height>225</height>
		<depth>3</depth>
	</size>
	<segmented>0</segmented>
	<object>
		<name>cilindro</name>
		<pose>Unspecified</pose>
		<truncated>1</truncated>
		<difficult>0</difficult>
		<bndbox>
			<xmin>1</xmin>
			<ymin>111</ymin>
			<xmax>43</xmax>
			<ymax>225</ymax>
		</bndbox>
	</object>
	<object>
		<name>cilindro</name>
		<pose>Unspecified</pose>
		<truncated>1</truncated>
		<difficult>0</difficult>
		<bndbox>
			<xmin>28</xmin>
			<ymin>67</ymin>
			<xmax>83</xmax>
			<ymax>225</ymax>
		</bndbox>
	</object>
	<object>
		<name>cilindro</name>
		<pose>Unspecified</pose>
		<truncated>1</truncated>
		<difficult>0</difficult>
		<bndbox>
			<xmin>72</xmin>
			<ymin>62</ymin>
			<xmax>113</xmax>
			<ymax>225</ymax>
		</bndbox>
	</object>
	<object>
		<name>cilindro</name>
		<pose>Unspecified</pose>
		<truncated>1</truncated>
		<difficult>0</difficult>
		<bndbox>
			<xmin>103</xmin>
			<ymin>12</ymin>
			<xmax>134</xmax>
			<ymax>225</ymax>
		</bndbox>
	</object>
	<object>
		<name>cilindro</name>
		<pose>Unspecified</pose>
		<truncated>0</truncated>
		<difficult>0</difficult>
		<bndbox>
			<xmin>126</xmin>
			<ymin>21</ymin>
			<xmax>150</xmax>
			<ymax>223</ymax>
		</bndbox>
	</object>
	<object>
		<name>cilindro</name>
		<pose>Unspecified</pose>
		<truncated>0</truncated>
		<difficult>0</difficult>
		<bndbox>
			<xmin>28</xmin>
			<ymin>43</ymin>
			<xmax>53</xmax>
			<ymax>147</ymax>
		</bndbox>
	</object>
	<object>
		<name>cilindro</name>
		<pose>Unspecified</pose>
		<truncated>0</truncated>
		<difficult>0</difficult>
		<bndbox>
			<xmin>55</xmin>
			<ymin>29</ymin>
			<xmax>81</xmax>
			<ymax>103</ymax>
		</bndbox>
	</object>
	<object>
		<name>cilindro</name>
		<pose>Unspecified</pose>
		<truncated>0</truncated>
		<difficult>0</difficult>
		<bndbox>
			<xmin>82</xmin>
			<ymin>22</ymin>
			<xmax>107</xmax>
			<ymax>74</ymax>
		</bndbox>
	</object>
</annotation>
