<annotation verified="yes">
	<folder>Cilindro</folder>
	<filename>cilindro24.jpg</filename>
	<path>C:\Users\ander\Documents\MachineLearning\Cilindro\cilindro24.jpg</path>
	<source>
		<database>Unknown</database>
	</source>
	<size>
		<width>262</width>
		<height>192</height>
		<depth>3</depth>
	</size>
	<segmented>0</segmented>
	<object>
		<name>cilindro</name>
		<pose>Unspecified</pose>
		<truncated>0</truncated>
		<difficult>0</difficult>
		<bndbox>
			<xmin>202</xmin>
			<ymin>128</ymin>
			<xmax>228</xmax>
			<ymax>151</ymax>
		</bndbox>
	</object>
	<object>
		<name>cilindro</name>
		<pose>Unspecified</pose>
		<truncated>0</truncated>
		<difficult>0</difficult>
		<bndbox>
			<xmin>140</xmin>
			<ymin>71</ymin>
			<xmax>157</xmax>
			<ymax>85</ymax>
		</bndbox>
	</object>
	<object>
		<name>cilindro</name>
		<pose>Unspecified</pose>
		<truncated>0</truncated>
		<difficult>0</difficult>
		<bndbox>
			<xmin>231</xmin>
			<ymin>103</ymin>
			<xmax>245</xmax>
			<ymax>116</ymax>
		</bndbox>
	</object>
	<object>
		<name>cilindro</name>
		<pose>Unspecified</pose>
		<truncated>0</truncated>
		<difficult>0</difficult>
		<bndbox>
			<xmin>35</xmin>
			<ymin>67</ymin>
			<xmax>61</xmax>
			<ymax>79</ymax>
		</bndbox>
	</object>
	<object>
		<name>cilindro</name>
		<pose>Unspecified</pose>
		<truncated>0</truncated>
		<difficult>0</difficult>
		<bndbox>
			<xmin>32</xmin>
			<ymin>85</ymin>
			<xmax>50</xmax>
			<ymax>102</ymax>
		</bndbox>
	</object>
	<object>
		<name>cilindro</name>
		<pose>Unspecified</pose>
		<truncated>0</truncated>
		<difficult>0</difficult>
		<bndbox>
			<xmin>159</xmin>
			<ymin>103</ymin>
			<xmax>182</xmax>
			<ymax>116</ymax>
		</bndbox>
	</object>
	<object>
		<name>cilindro</name>
		<pose>Unspecified</pose>
		<truncated>0</truncated>
		<difficult>0</difficult>
		<bndbox>
			<xmin>188</xmin>
			<ymin>141</ymin>
			<xmax>205</xmax>
			<ymax>166</ymax>
		</bndbox>
	</object>
	<object>
		<name>cilindro</name>
		<pose>Unspecified</pose>
		<truncated>0</truncated>
		<difficult>0</difficult>
		<bndbox>
			<xmin>155</xmin>
			<ymin>140</ymin>
			<xmax>181</xmax>
			<ymax>163</ymax>
		</bndbox>
	</object>
	<object>
		<name>cilindro</name>
		<pose>Unspecified</pose>
		<truncated>0</truncated>
		<difficult>0</difficult>
		<bndbox>
			<xmin>56</xmin>
			<ymin>149</ymin>
			<xmax>82</xmax>
			<ymax>172</ymax>
		</bndbox>
	</object>
	<object>
		<name>cilindro</name>
		<pose>Unspecified</pose>
		<truncated>0</truncated>
		<difficult>0</difficult>
		<bndbox>
			<xmin>132</xmin>
			<ymin>103</ymin>
			<xmax>150</xmax>
			<ymax>126</ymax>
		</bndbox>
	</object>
	<object>
		<name>cilindro</name>
		<pose>Unspecified</pose>
		<truncated>0</truncated>
		<difficult>0</difficult>
		<bndbox>
			<xmin>96</xmin>
			<ymin>125</ymin>
			<xmax>122</xmax>
			<ymax>148</ymax>
		</bndbox>
	</object>
	<object>
		<name>cilindro</name>
		<pose>Unspecified</pose>
		<truncated>0</truncated>
		<difficult>0</difficult>
		<bndbox>
			<xmin>48</xmin>
			<ymin>110</ymin>
			<xmax>77</xmax>
			<ymax>137</ymax>
		</bndbox>
	</object>
</annotation>
