<annotation verified="yes">
	<folder>Cilindro</folder>
	<filename>cilindro8.jpg</filename>
	<path>C:\Users\ander\Documents\MachineLearning\Cilindro\cilindro8.jpg</path>
	<source>
		<database>Unknown</database>
	</source>
	<size>
		<width>275</width>
		<height>183</height>
		<depth>3</depth>
	</size>
	<segmented>0</segmented>
	<object>
		<name>cilindro</name>
		<pose>Unspecified</pose>
		<truncated>1</truncated>
		<difficult>0</difficult>
		<bndbox>
			<xmin>56</xmin>
			<ymin>75</ymin>
			<xmax>128</xmax>
			<ymax>183</ymax>
		</bndbox>
	</object>
	<object>
		<name>cilindro</name>
		<pose>Unspecified</pose>
		<truncated>1</truncated>
		<difficult>0</difficult>
		<bndbox>
			<xmin>138</xmin>
			<ymin>75</ymin>
			<xmax>223</xmax>
			<ymax>183</ymax>
		</bndbox>
	</object>
</annotation>
