<annotation verified="yes">
	<folder>Cilindro</folder>
	<filename>cilindro22.jpg</filename>
	<path>C:\Users\ander\Documents\MachineLearning\Cilindro\cilindro22.jpg</path>
	<source>
		<database>Unknown</database>
	</source>
	<size>
		<width>224</width>
		<height>224</height>
		<depth>3</depth>
	</size>
	<segmented>0</segmented>
	<object>
		<name>cilindro</name>
		<pose>Unspecified</pose>
		<truncated>0</truncated>
		<difficult>0</difficult>
		<bndbox>
			<xmin>83</xmin>
			<ymin>28</ymin>
			<xmax>135</xmax>
			<ymax>193</ymax>
		</bndbox>
	</object>
</annotation>
