<annotation verified="yes">
	<folder>Cilindro</folder>
	<filename>cilindro29.jpg</filename>
	<path>C:\Users\ander\Documents\MachineLearning\Cilindro\cilindro29.jpg</path>
	<source>
		<database>Unknown</database>
	</source>
	<size>
		<width>259</width>
		<height>194</height>
		<depth>3</depth>
	</size>
	<segmented>0</segmented>
	<object>
		<name>cilindro</name>
		<pose>Unspecified</pose>
		<truncated>0</truncated>
		<difficult>0</difficult>
		<bndbox>
			<xmin>24</xmin>
			<ymin>12</ymin>
			<xmax>51</xmax>
			<ymax>150</ymax>
		</bndbox>
	</object>
	<object>
		<name>cilindro</name>
		<pose>Unspecified</pose>
		<truncated>0</truncated>
		<difficult>0</difficult>
		<bndbox>
			<xmin>44</xmin>
			<ymin>13</ymin>
			<xmax>70</xmax>
			<ymax>144</ymax>
		</bndbox>
	</object>
	<object>
		<name>cilindro</name>
		<pose>Unspecified</pose>
		<truncated>0</truncated>
		<difficult>0</difficult>
		<bndbox>
			<xmin>101</xmin>
			<ymin>21</ymin>
			<xmax>127</xmax>
			<ymax>123</ymax>
		</bndbox>
	</object>
	<object>
		<name>pessoa</name>
		<pose>Unspecified</pose>
		<truncated>0</truncated>
		<difficult>0</difficult>
		<bndbox>
			<xmin>158</xmin>
			<ymin>21</ymin>
			<xmax>239</xmax>
			<ymax>127</ymax>
		</bndbox>
	</object>
	<object>
		<name>pessoa</name>
		<pose>Unspecified</pose>
		<truncated>1</truncated>
		<difficult>0</difficult>
		<bndbox>
			<xmin>223</xmin>
			<ymin>21</ymin>
			<xmax>259</xmax>
			<ymax>126</ymax>
		</bndbox>
	</object>
</annotation>
