<annotation verified="yes">
	<folder>Cilindro</folder>
	<filename>cilindro3.jpg</filename>
	<path>C:\Users\ander\Documents\MachineLearning\Cilindro\cilindro3.jpg</path>
	<source>
		<database>Unknown</database>
	</source>
	<size>
		<width>195</width>
		<height>258</height>
		<depth>3</depth>
	</size>
	<segmented>0</segmented>
	<object>
		<name>cilindro</name>
		<pose>Unspecified</pose>
		<truncated>0</truncated>
		<difficult>0</difficult>
		<bndbox>
			<xmin>36</xmin>
			<ymin>26</ymin>
			<xmax>80</xmax>
			<ymax>147</ymax>
		</bndbox>
	</object>
	<object>
		<name>cilindro</name>
		<pose>Unspecified</pose>
		<truncated>0</truncated>
		<difficult>0</difficult>
		<bndbox>
			<xmin>75</xmin>
			<ymin>33</ymin>
			<xmax>119</xmax>
			<ymax>140</ymax>
		</bndbox>
	</object>
</annotation>
