<annotation verified="yes">
	<folder>Cilindro</folder>
	<filename>cilindro2.jpg</filename>
	<path>C:\Users\ander\Documents\MachineLearning\Cilindro\cilindro2.jpg</path>
	<source>
		<database>Unknown</database>
	</source>
	<size>
		<width>300</width>
		<height>168</height>
		<depth>3</depth>
	</size>
	<segmented>0</segmented>
	<object>
		<name>cilindro</name>
		<pose>Unspecified</pose>
		<truncated>1</truncated>
		<difficult>0</difficult>
		<bndbox>
			<xmin>1</xmin>
			<ymin>103</ymin>
			<xmax>42</xmax>
			<ymax>168</ymax>
		</bndbox>
	</object>
	<object>
		<name>cilindro</name>
		<pose>Unspecified</pose>
		<truncated>1</truncated>
		<difficult>0</difficult>
		<bndbox>
			<xmin>43</xmin>
			<ymin>95</ymin>
			<xmax>91</xmax>
			<ymax>168</ymax>
		</bndbox>
	</object>
	<object>
		<name>cilindro</name>
		<pose>Unspecified</pose>
		<truncated>0</truncated>
		<difficult>0</difficult>
		<bndbox>
			<xmin>250</xmin>
			<ymin>43</ymin>
			<xmax>295</xmax>
			<ymax>94</ymax>
		</bndbox>
	</object>
	<object>
		<name>cilindro</name>
		<pose>Unspecified</pose>
		<truncated>0</truncated>
		<difficult>0</difficult>
		<bndbox>
			<xmin>161</xmin>
			<ymin>66</ymin>
			<xmax>204</xmax>
			<ymax>118</ymax>
		</bndbox>
	</object>
	<object>
		<name>cilindro</name>
		<pose>Unspecified</pose>
		<truncated>0</truncated>
		<difficult>0</difficult>
		<bndbox>
			<xmin>125</xmin>
			<ymin>33</ymin>
			<xmax>155</xmax>
			<ymax>58</ymax>
		</bndbox>
	</object>
	<object>
		<name>cilindro</name>
		<pose>Unspecified</pose>
		<truncated>1</truncated>
		<difficult>0</difficult>
		<bndbox>
			<xmin>195</xmin>
			<ymin>134</ymin>
			<xmax>270</xmax>
			<ymax>168</ymax>
		</bndbox>
	</object>
	<object>
		<name>cilindro</name>
		<pose>Unspecified</pose>
		<truncated>1</truncated>
		<difficult>0</difficult>
		<bndbox>
			<xmin>139</xmin>
			<ymin>130</ymin>
			<xmax>208</xmax>
			<ymax>168</ymax>
		</bndbox>
	</object>
	<object>
		<name>cilindro</name>
		<pose>Unspecified</pose>
		<truncated>0</truncated>
		<difficult>0</difficult>
		<bndbox>
			<xmin>138</xmin>
			<ymin>47</ymin>
			<xmax>172</xmax>
			<ymax>92</ymax>
		</bndbox>
	</object>
	<object>
		<name>cilindro</name>
		<pose>Unspecified</pose>
		<truncated>1</truncated>
		<difficult>0</difficult>
		<bndbox>
			<xmin>84</xmin>
			<ymin>95</ymin>
			<xmax>132</xmax>
			<ymax>168</ymax>
		</bndbox>
	</object>
</annotation>
