<annotation verified="yes">
	<folder>Cilindro</folder>
	<filename>cilindro11.jpg</filename>
	<path>C:\Users\ander\Documents\MachineLearning\Cilindro\cilindro11.jpg</path>
	<source>
		<database>Unknown</database>
	</source>
	<size>
		<width>194</width>
		<height>259</height>
		<depth>3</depth>
	</size>
	<segmented>0</segmented>
	<object>
		<name>cilindro</name>
		<pose>Unspecified</pose>
		<truncated>0</truncated>
		<difficult>0</difficult>
		<bndbox>
			<xmin>62</xmin>
			<ymin>10</ymin>
			<xmax>146</xmax>
			<ymax>235</ymax>
		</bndbox>
	</object>
</annotation>
