<annotation verified="yes">
	<folder>Cilindro</folder>
	<filename>cilindro7.jpg</filename>
	<path>C:\Users\ander\Documents\MachineLearning\Cilindro\cilindro7.jpg</path>
	<source>
		<database>Unknown</database>
	</source>
	<size>
		<width>275</width>
		<height>183</height>
		<depth>3</depth>
	</size>
	<segmented>0</segmented>
	<object>
		<name>cilindro</name>
		<pose>Unspecified</pose>
		<truncated>0</truncated>
		<difficult>0</difficult>
		<bndbox>
			<xmin>71</xmin>
			<ymin>82</ymin>
			<xmax>206</xmax>
			<ymax>138</ymax>
		</bndbox>
	</object>
</annotation>
