<annotation verified="yes">
	<folder>Cilindro</folder>
	<filename>cilindro9.jpg</filename>
	<path>C:\Users\ander\Documents\MachineLearning\Cilindro\cilindro9.jpg</path>
	<source>
		<database>Unknown</database>
	</source>
	<size>
		<width>168</width>
		<height>300</height>
		<depth>3</depth>
	</size>
	<segmented>0</segmented>
	<object>
		<name>cilindro</name>
		<pose>Unspecified</pose>
		<truncated>0</truncated>
		<difficult>0</difficult>
		<bndbox>
			<xmin>43</xmin>
			<ymin>24</ymin>
			<xmax>115</xmax>
			<ymax>275</ymax>
		</bndbox>
	</object>
</annotation>
