<annotation verified="yes">
	<folder>Cilindro</folder>
	<filename>cilindro16.jpg</filename>
	<path>C:\Users\ander\Documents\MachineLearning\Cilindro\cilindro16.jpg</path>
	<source>
		<database>Unknown</database>
	</source>
	<size>
		<width>275</width>
		<height>183</height>
		<depth>3</depth>
	</size>
	<segmented>0</segmented>
	<object>
		<name>cilindro</name>
		<pose>Unspecified</pose>
		<truncated>0</truncated>
		<difficult>0</difficult>
		<bndbox>
			<xmin>42</xmin>
			<ymin>96</ymin>
			<xmax>138</xmax>
			<ymax>182</ymax>
		</bndbox>
	</object>
	<object>
		<name>cilindro</name>
		<pose>Unspecified</pose>
		<truncated>1</truncated>
		<difficult>0</difficult>
		<bndbox>
			<xmin>218</xmin>
			<ymin>1</ymin>
			<xmax>275</xmax>
			<ymax>180</ymax>
		</bndbox>
	</object>
</annotation>
