<annotation verified="yes">
	<folder>Cilindro</folder>
	<filename>cilindro27.jpg</filename>
	<path>C:\Users\ander\Documents\MachineLearning\Cilindro\cilindro27.jpg</path>
	<source>
		<database>Unknown</database>
	</source>
	<size>
		<width>259</width>
		<height>194</height>
		<depth>3</depth>
	</size>
	<segmented>0</segmented>
	<object>
		<name>cilindro</name>
		<pose>Unspecified</pose>
		<truncated>0</truncated>
		<difficult>0</difficult>
		<bndbox>
			<xmin>57</xmin>
			<ymin>20</ymin>
			<xmax>207</xmax>
			<ymax>159</ymax>
		</bndbox>
	</object>
	<object>
		<name>cilindro</name>
		<pose>Unspecified</pose>
		<truncated>1</truncated>
		<difficult>0</difficult>
		<bndbox>
			<xmin>150</xmin>
			<ymin>135</ymin>
			<xmax>259</xmax>
			<ymax>194</ymax>
		</bndbox>
	</object>
	<object>
		<name>cilindro</name>
		<pose>Unspecified</pose>
		<truncated>1</truncated>
		<difficult>0</difficult>
		<bndbox>
			<xmin>33</xmin>
			<ymin>131</ymin>
			<xmax>160</xmax>
			<ymax>194</ymax>
		</bndbox>
	</object>
	<object>
		<name>cilindro</name>
		<pose>Unspecified</pose>
		<truncated>1</truncated>
		<difficult>0</difficult>
		<bndbox>
			<xmin>1</xmin>
			<ymin>50</ymin>
			<xmax>75</xmax>
			<ymax>194</ymax>
		</bndbox>
	</object>
	<object>
		<name>cilindro</name>
		<pose>Unspecified</pose>
		<truncated>0</truncated>
		<difficult>0</difficult>
		<bndbox>
			<xmin>161</xmin>
			<ymin>36</ymin>
			<xmax>222</xmax>
			<ymax>91</ymax>
		</bndbox>
	</object>
</annotation>
