<annotation verified="yes">
	<folder>Cilindro</folder>
	<filename>cilindro25.jpg</filename>
	<path>C:\Users\ander\Documents\MachineLearning\Cilindro\cilindro25.jpg</path>
	<source>
		<database>Unknown</database>
	</source>
	<size>
		<width>239</width>
		<height>211</height>
		<depth>3</depth>
	</size>
	<segmented>0</segmented>
	<object>
		<name>cilindro</name>
		<pose>Unspecified</pose>
		<truncated>1</truncated>
		<difficult>0</difficult>
		<bndbox>
			<xmin>51</xmin>
			<ymin>27</ymin>
			<xmax>121</xmax>
			<ymax>211</ymax>
		</bndbox>
	</object>
</annotation>
